Ref,Val,Package,PosX,PosY,Rot,Side
"C3","2200pF","C_0402_1005Metric",135.562499,-68.950001,0.000000,bottom
"C35","10uF","C_0603_1608Metric",124.748367,-129.975000,90.000000,bottom
"C36","100nF","C_0402_1005Metric",128.670000,-95.990000,-90.000000,bottom
"C37","100nF","C_0603_1608Metric",126.700000,-129.975000,90.000000,bottom
"C39","10nF","C_0402_1005Metric",129.650000,-95.990000,-90.000000,bottom
"C42","10uF","C_0603_1608Metric",123.100000,-129.974998,90.000000,bottom
"C46","10nF","C_0402_1005Metric",136.560000,-98.680000,-90.000000,bottom
"C48","10uF","C_0603_1608Metric",130.865000,-134.570000,180.000000,bottom
"C52","6pF","C_0402_1005Metric",139.860000,-65.450000,180.000000,bottom
"C54","6pF","C_0402_1005Metric",138.210000,-63.560000,90.000000,bottom
"C55","10uF","C_0402_1005Metric",142.780000,-64.400001,0.000000,bottom
"C56","100nF","C_0402_1005Metric",142.780000,-65.500001,0.000000,bottom
"C57","100nF","C_0402_1005Metric",138.900000,-74.990000,-90.000000,bottom
"C58","100nF","C_0402_1005Metric",137.900000,-74.980000,-90.000000,bottom
"C60","10uF","C_0402_1005Metric",171.850978,-89.825003,0.000000,bottom
"C62","100pF","C_0402_1005Metric",167.210000,-87.500000,-90.000000,bottom
"C63","10uF","C_0402_1005Metric",171.850978,-90.825003,0.000000,bottom
"C66","10nF","C_0402_1005Metric",169.600001,-95.025001,90.000000,bottom
"C68","100pF","C_0402_1005Metric",167.100001,-95.125001,90.000000,bottom
"C70","100pF","C_0402_1005Metric",168.600001,-87.525001,-90.000000,bottom
"C74","10nF","C_0402_1005Metric",166.100001,-95.125001,90.000000,bottom
"C76","100nF","C_0402_1005Metric",162.220001,-92.375001,0.000000,bottom
"C79","68pF","C_0402_1005Metric",162.220001,-91.325003,0.000000,bottom
"C80","100pF","C_0402_1005Metric",162.450978,-84.650000,180.000000,bottom
"C81","2200pF","C_0402_1005Metric",159.400000,-88.025003,90.000000,bottom
"C83","10uF","C_0402_1005Metric",171.850977,-74.100002,0.000000,bottom
"C85","100pF","C_0402_1005Metric",167.100000,-71.780000,-90.000000,bottom
"C86","10uF","C_0402_1005Metric",171.850977,-75.100002,0.000000,bottom
"C89","10nF","C_0402_1005Metric",169.600000,-79.300000,90.000000,bottom
"C91","100pF","C_0402_1005Metric",167.100000,-79.400000,90.000000,bottom
"C93","100pF","C_0402_1005Metric",168.600000,-71.800000,-90.000000,bottom
"C97","10nF","C_0402_1005Metric",166.100000,-79.400000,90.000000,bottom
"C99","100nF","C_0402_1005Metric",162.220000,-76.650000,0.000000,bottom
"C102","68pF","C_0402_1005Metric",162.220000,-75.600002,0.000000,bottom
"C103","100pF","C_0402_1005Metric",162.450977,-69.500002,180.000000,bottom
"C104","2200pF","C_0402_1005Metric",159.500000,-72.300000,90.000000,bottom
"C106","10uF","C_0402_1005Metric",171.850978,-121.275004,0.000000,bottom
"C108","100pF","C_0402_1005Metric",167.100001,-118.955002,-90.000000,bottom
"C109","10uF","C_0402_1005Metric",171.850978,-122.275004,0.000000,bottom
"C112","10nF","C_0402_1005Metric",169.600001,-126.475002,90.000000,bottom
"C114","100pF","C_0402_1005Metric",167.100001,-126.575002,90.000000,bottom
"C116","100pF","C_0402_1005Metric",168.600001,-118.975002,-90.000000,bottom
"C120","10nF","C_0402_1005Metric",166.100001,-126.575002,90.000000,bottom
"C122","100nF","C_0402_1005Metric",162.220001,-123.825002,0.000000,bottom
"C125","68pF","C_0402_1005Metric",162.220001,-122.775004,0.000000,bottom
"C126","100pF","C_0402_1005Metric",162.450978,-116.675004,180.000000,bottom
"C127","2200pF","C_0402_1005Metric",159.300000,-119.475004,90.000000,bottom
"C129","10uF","C_0402_1005Metric",171.850978,-105.550003,0.000000,bottom
"C131","100pF","C_0402_1005Metric",167.100001,-103.230001,-90.000000,bottom
"C132","10uF","C_0402_1005Metric",171.850978,-106.550003,0.000000,bottom
"C135","10nF","C_0402_1005Metric",169.600001,-110.750001,90.000000,bottom
"C137","100pF","C_0402_1005Metric",167.100001,-110.850001,90.000000,bottom
"C139","100pF","C_0402_1005Metric",168.600001,-103.250001,-90.000000,bottom
"C143","10nF","C_0402_1005Metric",166.100001,-110.850001,90.000000,bottom
"C145","100nF","C_0402_1005Metric",162.220001,-108.100001,0.000000,bottom
"C148","68pF","C_0402_1005Metric",162.220001,-107.050003,0.000000,bottom
"C149","100pF","C_0402_1005Metric",162.450978,-100.950003,180.000000,bottom
"C150","2200pF","C_0402_1005Metric",159.850978,-103.750003,90.000000,bottom
"C167","100nF","C_0402_1005Metric",146.400000,-87.630000,0.000000,bottom
"C168","100nF","C_0402_1005Metric",146.400000,-85.400000,180.000000,bottom
"C169","100nF","C_0402_1005Metric",141.924025,-83.180000,-90.000000,bottom
"C170","100nF","C_0402_1005Metric",143.324025,-83.180000,-90.000000,bottom
"C171","0.22uF","C_0603_1608Metric",137.975000,-86.000000,0.000000,bottom
"C172","100nF","C_0402_1005Metric",145.324025,-83.180000,-90.000000,bottom
"C173","0.22uF","C_0603_1608Metric",137.975000,-88.562184,0.000000,bottom
"C174","100nF","C_0402_1005Metric",144.315002,-83.180000,-90.000000,bottom
"C175","100nF","C_0402_1005Metric",146.400000,-88.630000,180.000000,bottom
"C176","0.22uF","C_0603_1608Metric",140.683923,-82.575000,-90.000000,bottom
"C177","100nF","C_0402_1005Metric",146.400000,-86.480000,180.000000,bottom
"C178","0.22uF","C_0603_1608Metric",139.700000,-92.925000,-90.000000,bottom
"C179","100nF","C_0402_1005Metric",144.200000,-91.500000,90.000000,bottom
"C180","100nF","C_0402_1005Metric",146.200000,-90.600000,90.000000,bottom
"C181","100nF","C_0402_1005Metric",146.400000,-84.000000,-90.000000,bottom
"C182","100nF","C_0402_1005Metric",145.200000,-91.500000,90.000000,bottom
"C183","100nF","C_0402_1005Metric",141.200000,-91.500000,90.000000,bottom
"C184","100nF","C_0402_1005Metric",143.200000,-91.500000,90.000000,bottom
"C185","100nF","C_0402_1005Metric",142.200000,-91.500000,90.000000,bottom
"C202","100nF","C_0402_1005Metric",146.400000,-119.225000,0.000000,bottom
"C203","100nF","C_0402_1005Metric",146.400000,-116.917911,180.000000,bottom
"C204","100nF","C_0402_1005Metric",141.924025,-114.697911,-90.000000,bottom
"C205","100nF","C_0402_1005Metric",143.324025,-114.697911,-90.000000,bottom
"C206","0.22uF","C_0603_1608Metric",137.975000,-117.517911,0.000000,bottom
"C207","100nF","C_0402_1005Metric",145.324025,-114.697911,-90.000000,bottom
"C208","0.22uF","C_0603_1608Metric",137.975000,-120.080095,0.000000,bottom
"C209","100nF","C_0402_1005Metric",144.315002,-114.697911,-90.000000,bottom
"C210","100nF","C_0402_1005Metric",146.400000,-120.225000,180.000000,bottom
"C211","0.22uF","C_0603_1608Metric",140.683923,-114.092911,-90.000000,bottom
"C212","100nF","C_0402_1005Metric",146.400000,-117.900000,180.000000,bottom
"C213","0.22uF","C_0603_1608Metric",139.900000,-123.917911,-90.000000,bottom
"C214","100nF","C_0402_1005Metric",144.200000,-123.017911,90.000000,bottom
"C215","100nF","C_0402_1005Metric",146.200000,-122.117911,90.000000,bottom
"C216","100nF","C_0402_1005Metric",146.400000,-115.517911,-90.000000,bottom
"C217","100nF","C_0402_1005Metric",145.200000,-123.017911,90.000000,bottom
"C218","100nF","C_0402_1005Metric",141.200000,-123.017911,90.000000,bottom
"C219","100nF","C_0402_1005Metric",143.200000,-123.017911,90.000000,bottom
"C220","100nF","C_0402_1005Metric",142.200000,-123.017911,90.000000,bottom
"FB2","BLM18SG331TN1B","IND_BLM18_0603_MUR",121.400000,-129.900000,90.000000,bottom
"IC3","STM32C031K6U6","QFN50P500X500X60-33N-D",142.350000,-69.250000,-90.000000,bottom
"R3","10K","R_0603_1608Metric",135.599999,-67.300001,180.000000,bottom
"R18","100K","R_0402_1005Metric",146.990000,-70.820001,90.000000,bottom
"R19","100K","R_0402_1005Metric",148.190000,-70.799999,90.000000,bottom
"R20","100K","R_0402_1005Metric",149.390000,-70.799999,90.000000,bottom
"R21","100K","R_0402_1005Metric",150.590000,-70.799999,90.000000,bottom
"R23","10K","R_0402_1005Metric",146.989999,-68.800001,90.000000,bottom
"R24","10K","R_0402_1005Metric",148.199999,-68.800000,90.000000,bottom
"R25","0","R_0603_1608Metric",140.250000,-62.600000,0.000000,bottom
"R26","10K","R_0402_1005Metric",149.399999,-68.800000,90.000000,bottom
"R27","10K","R_0402_1005Metric",150.599999,-68.799999,90.000000,bottom
"R29","10K","R_0402_1005Metric",134.590000,-75.560000,-90.000000,bottom
"R30","10K","R_0402_1005Metric",138.700000,-80.400000,90.000000,bottom
"R31","10K","R_0402_1005Metric",140.309998,-80.000000,0.000000,bottom
"R32","10K","R_0402_1005Metric",143.209999,-80.000000,0.000000,bottom
"R33","10K","R_0402_1005Metric",135.790000,-75.560000,90.000000,bottom
"R34","10K","R_0402_1005Metric",136.900000,-75.590001,90.000000,bottom
"R39","100","R_0603_1608Metric",169.650978,-85.335001,0.000000,bottom
"R40","49.9","R_0603_1608Metric",169.650978,-83.725001,0.000000,bottom
"R41","49.9","R_0603_1608Metric",169.650978,-82.125001,0.000000,bottom
"R42","750","R_0603_1608Metric",161.425000,-88.225003,180.000000,bottom
"R43","1.2K","R_0603_1608Metric",161.900000,-85.950000,0.000000,bottom
"R48","100","R_0603_1608Metric",169.650977,-69.610000,0.000000,bottom
"R49","49.9","R_0603_1608Metric",169.650977,-68.000000,0.000000,bottom
"R50","49.9","R_0603_1608Metric",169.650977,-66.400000,0.000000,bottom
"R51","750","R_0603_1608Metric",161.500000,-72.500002,180.000000,bottom
"R52","1.2K","R_0603_1608Metric",161.925977,-70.800002,0.000000,bottom
"R57","100","R_0603_1608Metric",169.650978,-116.785002,0.000000,bottom
"R58","49.9","R_0603_1608Metric",169.650978,-115.175002,0.000000,bottom
"R59","49.9","R_0603_1608Metric",169.650978,-113.575002,0.000000,bottom
"R60","750","R_0603_1608Metric",161.325000,-119.675004,180.000000,bottom
"R61","1.2K","R_0603_1608Metric",161.925978,-117.975004,0.000000,bottom
"R66","100","R_0603_1608Metric",169.650978,-101.060001,0.000000,bottom
"R67","49.9","R_0603_1608Metric",169.650978,-99.450001,0.000000,bottom
"R68","49.9","R_0603_1608Metric",169.650978,-97.850001,0.000000,bottom
"R69","750","R_0603_1608Metric",161.925978,-103.950003,180.000000,bottom
"R70","1.2K","R_0603_1608Metric",161.925978,-102.250003,0.000000,bottom
"R96","49.9","R_0603_1608Metric",150.380000,-87.520000,-90.000000,bottom
"R97","0","R_0603_1608Metric",148.690000,-87.520000,-90.000000,bottom
"R123","49.9","R_0603_1608Metric",144.400000,-126.617912,0.000000,bottom
"R124","0","R_0603_1608Metric",144.400000,-128.217913,0.000000,bottom
"R125","10K","R_0402_1005Metric",142.234023,-75.600000,0.000000,bottom
"R126","10K","R_0402_1005Metric",142.234023,-76.600000,180.000000,bottom
"U1","TLV9001DBVR","SOT-23-5",134.937499,-71.650001,0.000000,bottom
"U3","SN74AXC4T774RSVR","RSV0016A",139.209998,-77.600001,180.000000,bottom
"C1","100nF","C_0402_1005Metric",136.100000,-71.700000,180.000000,top
"C7","47pF","C_0402_1005Metric",176.770977,-92.250000,180.000000,top
"C8","47pF","C_0402_1005Metric",176.770977,-76.700002,180.000000,top
"C9","47pF","C_0402_1005Metric",176.846465,-123.895001,180.000000,top
"C10","47pF","C_0402_1005Metric",176.770977,-108.130000,180.000000,top
"C11","100nF","C_0402_1005Metric",162.620000,-121.590000,0.000000,top
"C12","100nF","C_0402_1005Metric",162.430000,-74.450000,0.000000,top
"C13","100nF","C_0402_1005Metric",162.400000,-105.790000,0.000000,top
"C14","100nF","C_0402_1005Metric",162.690000,-90.060000,0.000000,top
"C15","100nF","C_0402_1005Metric",160.130001,-93.380000,180.000000,top
"C16","100nF","C_0402_1005Metric",158.324868,-77.872089,180.000000,top
"C17","100nF","C_0402_1005Metric",160.150000,-124.910000,180.000000,top
"C18","100nF","C_0402_1005Metric",158.324868,-109.310801,180.000000,top
"C19","100nF","C_0402_1005Metric",163.930000,-99.679999,0.000000,top
"C20","100nF","C_0402_1005Metric",163.000000,-84.880000,0.000000,top
"C21","100nF","C_0402_1005Metric",163.739024,-131.180800,0.000000,top
"C22","100nF","C_0402_1005Metric",163.019998,-116.280000,0.000000,top
"C23","100nF","C_0402_1005Metric",163.930000,-100.680000,180.000000,top
"C24","100nF","C_0402_1005Metric",160.130001,-94.400000,180.000000,top
"C25","100nF","C_0402_1005Metric",163.019998,-85.880000,180.000000,top
"C26","100nF","C_0402_1005Metric",158.324868,-78.872089,180.000000,top
"C27","100nF","C_0402_1005Metric",163.739024,-132.230800,180.000000,top
"C28","100nF","C_0402_1005Metric",160.150000,-125.910000,180.000000,top
"C29","100nF","C_0402_1005Metric",163.019998,-117.280000,180.000000,top
"C30","100nF","C_0402_1005Metric",158.324868,-110.400801,180.000000,top
"C31","100nF","C_0402_1005Metric",148.300000,-87.580000,90.000000,top
"C32","100nF","C_0402_1005Metric",148.210000,-119.470000,90.000000,top
"C33","10uF","C_0603_1608Metric",124.980000,-76.670000,-90.000000,top
"C34","10uF","C_0603_1608Metric",127.390000,-77.390000,0.000000,top
"C38","10uF","C_0603_1608Metric",132.870000,-71.325000,90.000000,top
"C40","1uF","C_0603_1608Metric",131.270000,-71.325000,90.000000,top
"C41","100nF","C_0402_1005Metric",126.420000,-96.200000,90.000000,top
"C43","1uF","C_0603_1608Metric",124.225000,-74.200000,180.000000,top
"C44","100nF","C_0402_1005Metric",132.540000,-96.410000,90.000000,top
"C45","10nF","C_0402_1005Metric",133.820000,-102.380000,180.000000,top
"C47","10nF","C_0402_1005Metric",130.750000,-99.740000,180.000000,top
"C49","1uF","C_0603_1608Metric",124.225000,-72.600000,180.000000,top
"C50","10uF","C_0603_1608Metric",131.169999,-74.800000,90.000000,top
"C51","10uF","C_0603_1608Metric",132.770000,-74.800000,90.000000,top
"C59","10uF","C_0402_1005Metric",160.900001,-91.655001,90.000000,top
"C61","100pF","C_0402_1005Metric",170.600001,-86.525003,0.000000,top
"C64","10nF","C_0402_1005Metric",162.750000,-87.600000,180.000000,top
"C65","100pF","C_0402_1005Metric",170.600001,-85.525003,0.000000,top
"C67","10nF","C_0402_1005Metric",161.900001,-91.655001,-90.000000,top
"C69","10nF","C_0402_1005Metric",172.920001,-94.345001,90.000000,top
"C73","10uF","C_0402_1005Metric",162.750000,-88.870000,0.000000,top
"C75","100pF","C_0402_1005Metric",162.900001,-91.655001,90.000000,top
"C77","1.5pF","C_0402_1005Metric",173.350978,-91.825003,180.000000,top
"C78","1.5pF","C_0402_1005Metric",173.350978,-92.925003,180.000000,top
"C82","10uF","C_0402_1005Metric",160.900000,-75.930000,90.000000,top
"C84","100pF","C_0402_1005Metric",170.600000,-70.800002,0.000000,top
"C87","10nF","C_0402_1005Metric",162.700000,-72.000000,180.000000,top
"C88","100pF","C_0402_1005Metric",170.600000,-69.800002,0.000000,top
"C90","10nF","C_0402_1005Metric",161.900000,-75.930000,-90.000000,top
"C92","10nF","C_0402_1005Metric",172.920000,-78.620000,90.000000,top
"C96","10uF","C_0402_1005Metric",162.690000,-73.440000,0.000000,top
"C98","100pF","C_0402_1005Metric",162.900000,-75.930000,90.000000,top
"C100","1.5pF","C_0402_1005Metric",173.350977,-76.100002,180.000000,top
"C101","1.5pF","C_0402_1005Metric",173.350977,-77.200002,180.000000,top
"C105","10uF","C_0402_1005Metric",160.900001,-123.105002,90.000000,top
"C107","100pF","C_0402_1005Metric",170.600001,-117.975004,0.000000,top
"C110","10nF","C_0402_1005Metric",162.610000,-119.150001,180.000000,top
"C111","100pF","C_0402_1005Metric",170.600001,-116.975004,0.000000,top
"C113","10nF","C_0402_1005Metric",161.900001,-123.105002,-90.000000,top
"C115","10nF","C_0402_1005Metric",172.920001,-125.795002,90.000000,top
"C119","10uF","C_0402_1005Metric",162.610000,-120.400000,0.000000,top
"C121","100pF","C_0402_1005Metric",162.900001,-123.105002,90.000000,top
"C123","1.5pF","C_0402_1005Metric",173.350978,-123.275004,180.000000,top
"C124","1.5pF","C_0402_1005Metric",173.350978,-124.375004,180.000000,top
"C128","10uF","C_0402_1005Metric",160.900001,-107.380001,90.000000,top
"C130","100pF","C_0402_1005Metric",170.600001,-102.250003,0.000000,top
"C133","10nF","C_0402_1005Metric",162.700000,-103.600000,180.000000,top
"C134","100pF","C_0402_1005Metric",170.600001,-101.250003,0.000000,top
"C136","10nF","C_0402_1005Metric",161.900001,-107.380001,-90.000000,top
"C138","10nF","C_0402_1005Metric",172.920001,-110.070001,90.000000,top
"C142","10uF","C_0402_1005Metric",162.700000,-104.750000,0.000000,top
"C144","100pF","C_0402_1005Metric",162.900001,-107.380001,90.000000,top
"C146","1.5pF","C_0402_1005Metric",173.350978,-107.550003,180.000000,top
"C147","1.5pF","C_0402_1005Metric",173.350978,-108.650003,180.000000,top
"C151","100nF","C_0603_1608Metric",157.957501,-101.404099,180.000000,top
"C152","100nF","C_0603_1608Metric",154.435000,-94.420000,180.000000,top
"C153","100nF","C_0603_1608Metric",157.122499,-86.795902,180.000000,top
"C154","100nF","C_0603_1608Metric",152.275000,-80.300000,180.000000,top
"C155","100nF","C_0603_1608Metric",157.957499,-98.204097,0.000000,top
"C156","100nF","C_0603_1608Metric",154.435000,-91.354999,0.000000,top
"C157","100nF","C_0603_1608Metric",157.122499,-83.595902,0.000000,top
"C158","100nF","C_0603_1608Metric",152.275002,-77.100001,0.000000,top
"C159","11pF","C_0402_1005Metric",153.670978,-99.600000,90.000000,top
"C160","11pF","C_0402_1005Metric",150.150000,-93.480000,-90.000000,top
"C161","11pF","C_0402_1005Metric",152.700000,-85.400000,90.000000,top
"C162","11pF","C_0402_1005Metric",148.021106,-78.627911,-90.000000,top
"C163","11pF","C_0402_1005Metric",155.270976,-99.600001,90.000000,top
"C164","11pF","C_0402_1005Metric",151.750001,-93.480002,-90.000000,top
"C165","11pF","C_0402_1005Metric",154.270000,-85.425000,90.000000,top
"C166","11pF","C_0402_1005Metric",149.621106,-78.627912,-90.000000,top
"C186","100nF","C_0603_1608Metric",157.957501,-132.922010,180.000000,top
"C187","100nF","C_0603_1608Metric",154.435000,-125.937911,180.000000,top
"C188","100nF","C_0603_1608Metric",157.122499,-118.313813,180.000000,top
"C189","100nF","C_0603_1608Metric",152.275000,-111.817911,180.000000,top
"C190","100nF","C_0603_1608Metric",157.957499,-129.722008,0.000000,top
"C191","100nF","C_0603_1608Metric",154.435000,-122.872910,0.000000,top
"C192","100nF","C_0603_1608Metric",157.122499,-115.113813,0.000000,top
"C193","100nF","C_0603_1608Metric",152.275002,-108.617912,0.000000,top
"C194","11pF","C_0402_1005Metric",153.670978,-131.117911,90.000000,top
"C195","11pF","C_0402_1005Metric",150.150000,-124.997911,-90.000000,top
"C196","11pF","C_0402_1005Metric",152.700000,-116.935000,90.000000,top
"C197","11pF","C_0402_1005Metric",148.021106,-110.145822,-90.000000,top
"C198","11pF","C_0402_1005Metric",155.270976,-131.117912,90.000000,top
"C199","11pF","C_0402_1005Metric",151.750001,-124.997913,-90.000000,top
"C200","11pF","C_0402_1005Metric",154.270000,-116.942911,90.000000,top
"C201","11pF","C_0402_1005Metric",149.621106,-110.145823,-90.000000,top
"D1","APTD1608SECK/J4-PF","LED_0603_1608Metric",134.700000,-66.800000,0.000000,top
"FB1","BLM18BD601BH1D","IND_BLM18_0603_MUR",124.880000,-96.840000,90.000000,top
"FB3","BLM41PG102SN1L","IND_BLM41_1806_MUR",132.200000,-79.500000,0.000000,top
"FB4","BLM41PG102SN1L","IND_BLM41_1806_MUR",138.800000,-79.160000,0.000000,top
"FB5","BLM41PG102SN1L","IND_BLM41_1806_MUR",137.620000,-108.617911,-90.000000,top
"FB6","BLM41PG102SN1L","IND_BLM41_1806_MUR",140.475002,-108.617913,-90.000000,top
"IC1","ADP7156ACPZ-3.0-R7","SON50P300X300X80-11N-D",128.050000,-74.700000,180.000000,top
"IC2","5PB1206NDGK8","QFN40P300X300X100-21N-D",133.940000,-99.700000,0.000000,top
"IC5","ADC3424IRTQR","QFN50P800X800X100-57N-D",142.215002,-87.300002,90.000000,top
"IC6","ADC3424IRTQR","QFN50P800X800X100-57N-D",142.215002,-118.817913,90.000000,top
"J1","60312202111527","JACK_02114307_WRE",182.350000,-92.430500,90.000000,top
"J2","60312202111527","JACK_02114307_WRE",182.350000,-76.700000,90.000000,top
"J3","60312202111527","JACK_02114307_WRE",182.425488,-123.891501,90.000000,top
"J4","60312202111527","JACK_02114307_WRE",182.425488,-108.161001,90.000000,top
"J6","Conn_01x04_Pin","PinSocket_1x04_P2.54mm_Vertical",120.800000,-67.500000,90.000000,top
"L1","0","L_0603_1608Metric",157.957501,-99.804097,180.000000,top
"L2","0","L_0603_1608Metric",154.435000,-92.894999,180.000000,top
"L3","0","L_0603_1608Metric",157.122499,-85.195900,180.000000,top
"L4","0","L_0603_1608Metric",152.275002,-78.700001,180.000000,top
"L5","0","L_0603_1608Metric",157.957501,-131.322008,180.000000,top
"L6","0","L_0603_1608Metric",154.435000,-124.412910,180.000000,top
"L7","0","L_0603_1608Metric",157.122499,-116.713811,180.000000,top
"L8","0","L_0603_1608Metric",152.275002,-110.217912,180.000000,top
"Q2","MMBT3904LT1G","SOT96P237X111-3N",141.000000,-71.500000,90.000000,top
"R4","100K","R_0603_1608Metric",128.120000,-72.100001,180.000000,top
"R5","68.1K","R_0603_1608Metric",128.120000,-70.500000,0.000000,top
"R6","0","R_0603_1608Metric",126.310000,-100.190000,180.000000,top
"R7","0","R_0603_1608Metric",131.230000,-95.775000,90.000000,top
"R8","10K","R_0603_1608Metric",130.040000,-98.170000,180.000000,top
"R9","10K","R_0402_1005Metric",133.600000,-96.410000,-90.000000,top
"R10","33","R_0603_1608Metric",139.740000,-97.200000,0.000000,top
"R11","33","R_0603_1608Metric",139.740000,-95.475000,0.000000,top
"R12","33","R_0603_1608Metric",139.740000,-98.800000,0.000000,top
"R13","33","R_0603_1608Metric",139.740000,-100.500000,0.000000,top
"R14","33","R_0603_1608Metric",139.740000,-102.300000,0.000000,top
"R15","33","R_0603_1608Metric",139.740000,-103.900000,0.000000,top
"R28","1K","R_0603_1608Metric",134.662501,-64.000000,180.000000,top
"R37","0","R_0603_1608Metric",172.650978,-96.625003,180.000000,top
"R38","0","R_0603_1608Metric",172.850978,-87.625003,-90.000000,top
"R46","0","R_0603_1608Metric",172.650977,-80.900002,180.000000,top
"R47","0","R_0603_1608Metric",172.850977,-71.900002,-90.000000,top
"R55","0","R_0603_1608Metric",172.650978,-128.075004,180.000000,top
"R56","0","R_0603_1608Metric",172.850978,-119.075004,-90.000000,top
"R64","0","R_0603_1608Metric",172.650978,-112.350003,180.000000,top
"R65","0","R_0603_1608Metric",172.850978,-103.350003,-90.000000,top
"R71","1K","R_0603_1608Metric",161.180000,-100.925000,0.000000,top
"R72","1K","R_0603_1608Metric",161.155001,-99.325001,180.000000,top
"R73","1K","R_0603_1608Metric",157.574998,-93.030000,0.000000,top
"R74","1K","R_0603_1608Metric",157.574998,-94.619711,180.000000,top
"R75","1K","R_0603_1608Metric",160.360978,-86.180000,0.000000,top
"R76","1K","R_0603_1608Metric",160.454997,-84.590286,180.000000,top
"R77","1K","R_0603_1608Metric",155.817613,-77.612537,0.000000,top
"R78","1K","R_0603_1608Metric",155.825975,-79.172089,180.000000,top
"R79","0","R_0603_1608Metric",154.439453,-101.900002,0.000000,top
"R80","0","R_0603_1608Metric",154.439453,-97.304097,0.000000,top
"R81","0","R_0603_1608Metric",150.950001,-91.180000,0.000000,top
"R82","0","R_0603_1608Metric",150.950001,-95.769713,0.000000,top
"R83","0","R_0603_1608Metric",153.440000,-87.700000,0.000000,top
"R84","0","R_0603_1608Metric",153.460000,-83.125002,0.000000,top
"R85","0","R_0603_1608Metric",148.821107,-76.327911,0.000000,top
"R86","0","R_0603_1608Metric",148.821107,-80.927912,0.000000,top
"R87","150","R_0603_1608Metric",151.335002,-100.420000,180.000000,top
"R88","150","R_0603_1608Metric",147.820001,-92.740286,180.000000,top
"R89","150","R_0603_1608Metric",147.845000,-94.330000,0.000000,top
"R90","150","R_0603_1608Metric",150.375001,-86.133199,180.000000,top
"R91","150","R_0603_1608Metric",150.350002,-84.529099,0.000000,top
"R92","150","R_0603_1608Metric",145.700001,-77.810282,180.000000,top
"R93","150","R_0603_1608Metric",145.700000,-79.400000,0.000000,top
"R94","150","R_0603_1608Metric",151.310000,-98.815901,0.000000,top
"R95","10K","R_0402_1005Metric",125.490645,-64.585103,0.000000,top
"R98","1K","R_0603_1608Metric",161.180000,-132.442911,0.000000,top
"R99","1K","R_0603_1608Metric",161.155001,-130.842912,180.000000,top
"R100","1K","R_0603_1608Metric",157.574998,-124.508199,0.000000,top
"R101","1K","R_0603_1608Metric",157.574998,-126.097910,180.000000,top
"R102","1K","R_0603_1608Metric",160.360978,-117.697911,0.000000,top
"R103","1K","R_0603_1608Metric",160.454997,-116.108197,180.000000,top
"R104","1K","R_0603_1608Metric",155.817613,-109.130448,0.000000,top
"R105","1K","R_0603_1608Metric",155.825975,-110.690000,180.000000,top
"R106","0","R_0603_1608Metric",154.439453,-133.417913,0.000000,top
"R107","0","R_0603_1608Metric",154.439453,-128.822008,0.000000,top
"R108","0","R_0603_1608Metric",150.950001,-122.697911,0.000000,top
"R109","0","R_0603_1608Metric",150.950001,-127.287624,0.000000,top
"R110","0","R_0603_1608Metric",153.440000,-119.217911,0.000000,top
"R111","0","R_0603_1608Metric",153.460000,-114.642913,0.000000,top
"R112","0","R_0603_1608Metric",148.821107,-107.845822,0.000000,top
"R113","0","R_0603_1608Metric",148.821107,-112.445823,0.000000,top
"R114","150","R_0603_1608Metric",151.335002,-131.937911,180.000000,top
"R115","150","R_0603_1608Metric",147.820001,-124.258197,180.000000,top
"R116","150","R_0603_1608Metric",147.845000,-125.847911,0.000000,top
"R117","150","R_0603_1608Metric",150.375001,-117.651110,180.000000,top
"R118","150","R_0603_1608Metric",150.350002,-116.047010,0.000000,top
"R119","150","R_0603_1608Metric",145.700001,-109.328193,180.000000,top
"R120","150","R_0603_1608Metric",145.700000,-110.917911,0.000000,top
"R121","150","R_0603_1608Metric",151.310000,-130.333812,0.000000,top
"R127","100K","R_0402_1005Metric",138.100000,-72.600000,0.000000,top
"U2","LD1117DT33TR","DPAK456P1010X240-3N",128.500000,-129.900000,0.000000,top
"U4","MAX2831ETM+T","21-0144_T4877&plus_4_MXM",167.850978,-91.325003,180.000000,top
"U5","HHM1902B1","HHM-4_1P0X0P5",175.050978,-92.400001,180.000000,top
"U6","MAX2831ETM+T","21-0144_T4877&plus_4_MXM",167.850977,-75.600002,180.000000,top
"U7","HHM1902B1","HHM-4_1P0X0P5",175.050977,-76.675000,180.000000,top
"U8","MAX2831ETM+T","21-0144_T4877&plus_4_MXM",167.850978,-122.775004,180.000000,top
"U9","HHM1902B1","HHM-4_1P0X0P5",175.050978,-123.850002,180.000000,top
"U10","MAX2831ETM+T","21-0144_T4877&plus_4_MXM",167.850978,-107.050003,180.000000,top
"U11","HHM1902B1","HHM-4_1P0X0P5",175.050978,-108.125001,180.000000,top
"Y1","7L-40.000MBS-T","4-SMD_NoLead_Oscillator",128.547781,-96.070000,0.000000,top
"Y2","ABM10-166-12.000MHZ-T3","ABM10",139.400000,-65.600000,90.000000,top
"Z1","BZT52C4V7","BZT52C4V7",113.225000,-81.800000,0.000000,top
